Id,Profile,Front,Back,Others
out1,Front,1,0,0
out3,Front,1,0,0
out9,Front,1,0,0
out10,Front,1,0,0
out33,Front,1,0,0
out38,Front,1,0,0
out40,Front,1,0,0
out42,Front,1,0,0
out44,Front,1,0,0
out46,Front,1,0,0
out59,Front,1,0,0
out79,Front,1,0,0
out80,Front,1,0,0
out90,Front,1,0,0
out96,Front,1,0,0
out100,Front,1,0,0
out104,Front,1,0,0
out105,Front,1,0,0
out106,Front,1,0,0
out107,Front,1,0,0
out108,Front,1,0,0
out109,Front,1,0,0
out110,Front,1,0,0
out118,Front,1,0,0
out120,Front,1,0,0
out139,Front,1,0,0
out140,Front,1,0,0
out142,Front,1,0,0
out145,Front,1,0,0
out148,Front,1,0,0
out151,Front,1,0,0
out167,Front,1,0,0
out174,Front,1,0,0
out175,Front,1,0,0
out176,Front,1,0,0
out177,Front,1,0,0
out178,Front,1,0,0
out179,Front,1,0,0
out180,Front,1,0,0
out181,Front,1,0,0
out182,Front,1,0,0
out183,Front,1,0,0
out184,Front,1,0,0
out185,Front,1,0,0
out186,Front,1,0,0
out187,Front,1,0,0
out190,Front,1,0,0
out192,Front,1,0,0
out194,Front,1,0,0
out195,Front,1,0,0
out196,Front,1,0,0
out197,Front,1,0,0
out198,Front,1,0,0
out200,Front,1,0,0
out202,Front,1,0,0
out209,Front,1,0,0
out213,Front,1,0,0
out214,Front,1,0,0
out215,Front,1,0,0
out220,Front,1,0,0
out221,Front,1,0,0
out222,Front,1,0,0
out223,Front,1,0,0
out229,Front,1,0,0
out231,Front,1,0,0
out235,Front,1,0,0
out236,Front,1,0,0
out239,Front,1,0,0
out240,Front,1,0,0
out244,Front,1,0,0
out245,Front,1,0,0
out250,Front,1,0,0
out253,Front,1,0,0
out258,Front,1,0,0
out260,Front,1,0,0
out264,Front,1,0,0
out266,Front,1,0,0
out276,Front,1,0,0
out278,Front,1,0,0
out280,Front,1,0,0
out281,Front,1,0,0
out282,Front,1,0,0
out283,Front,1,0,0
out286,Front,1,0,0
out297,Front,1,0,0
out298,Front,1,0,0
out300,Front,1,0,0
out302,Front,1,0,0
out303,Front,1,0,0
out304,Front,1,0,0
out305,Front,1,0,0
out308,Front,1,0,0
cropped4,Front,1,0,0
cropped15,Front,1,0,0
cropped16,Front,1,0,0
cropped33,Front,1,0,0
cropped51,Front,1,0,0
cropped68,Front,1,0,0
cropped87,Front,1,0,0
cropped98,Front,1,0,0
cropped102,Front,1,0,0
cropped180,Front,1,0,0
cropped199,Front,1,0,0
cropped203,Front,1,0,0
cropped218,Front,1,0,0
cropped225,Front,1,0,0
cropped227,Front,1,0,0
cropped231,Front,1,0,0
cropped236,Front,1,0,0
cropped251,Front,1,0,0
cropped263,Front,1,0,0
cropped290,Front,1,0,0
cropped301,Front,1,0,0
cropped303,Front,1,0,0
cropped306,Front,1,0,0
cropped312,Front,1,0,0
cropped315,Front,1,0,0
cropped316,Front,1,0,0
cropped318,Front,1,0,0
cropped319,Front,1,0,0
cropped341,Front,1,0,0
cropped342,Front,1,0,0
cropped347,Front,1,0,0
cropped348,Front,1,0,0
cropped351,Front,1,0,0
cropped352,Front,1,0,0
cropped358,Front,1,0,0
cropped369,Front,1,0,0
cropped370,Front,1,0,0
cropped382,Front,1,0,0
cropped386,Front,1,0,0
cropped391,Front,1,0,0
cropped425,Front,1,0,0
cropped431,Front,1,0,0
cropped456,Front,1,0,0
cropped469,Front,1,0,0
cropped472,Front,1,0,0
cropped481,Front,1,0,0
cropped497,Front,1,0,0
cropped498,Front,1,0,0
cropped499,Front,1,0,0
cropped504,Front,1,0,0
cropped515,Front,1,0,0
cropped517,Front,1,0,0
cropped523,Front,1,0,0
cropped534,Front,1,0,0
cropped539,Front,1,0,0
cropped554,Front,1,0,0
cropped564,Front,1,0,0
cropped566,Front,1,0,0
cropped568,Front,1,0,0
cropped575,Front,1,0,0
cropped577,Front,1,0,0
cropped579,Front,1,0,0
cropped581,Front,1,0,0
cropped582,Front,1,0,0
cropped588,Front,1,0,0
cropped589,Front,1,0,0
cropped590,Front,1,0,0
cropped591,Front,1,0,0
cropped592,Front,1,0,0
april_cropped2,Front,1,0,0
april_cropped4,Front,1,0,0
april_cropped5,Front,1,0,0
april_cropped16,Front,1,0,0
april_cropped17,Front,1,0,0
april_cropped19,Front,1,0,0
april_cropped20,Front,1,0,0
april_cropped21,Front,1,0,0
april_cropped23,Front,1,0,0
april_cropped24,Front,1,0,0
april_cropped26,Front,1,0,0
april_cropped27,Front,1,0,0
april_cropped30,Front,1,0,0
april_cropped31,Front,1,0,0
april_cropped36,Front,1,0,0
april_cropped47,Front,1,0,0
april_cropped50,Front,1,0,0
april_cropped53,Front,1,0,0
april_cropped57,Front,1,0,0
april_cropped68,Front,1,0,0
april_cropped69,Front,1,0,0
april_cropped70,Front,1,0,0
april_cropped71,Front,1,0,0
april_cropped78,Front,1,0,0
april_cropped82,Front,1,0,0
april_cropped91,Front,1,0,0
april_cropped97,Front,1,0,0
april_cropped104,Front,1,0,0
april_cropped105,Front,1,0,0
april_cropped106,Front,1,0,0
april_cropped107,Front,1,0,0
april_cropped108,Front,1,0,0
april_cropped109,Front,1,0,0
april_cropped110,Front,1,0,0
april_cropped116,Front,1,0,0
april_cropped118,Front,1,0,0
april_cropped123,Front,1,0,0
april_cropped124,Front,1,0,0
april_cropped131,Front,1,0,0
april_cropped136,Front,1,0,0
april_cropped138,Front,1,0,0
april_cropped139,Front,1,0,0
april_cropped143,Front,1,0,0
april_cropped146,Front,1,0,0
april_cropped149,Front,1,0,0
april_cropped151,Front,1,0,0
april_cropped153,Front,1,0,0
april_cropped159,Front,1,0,0
april_cropped163,Front,1,0,0
april_cropped164,Front,1,0,0
april_cropped166,Front,1,0,0
april_cropped167,Front,1,0,0
april_cropped169,Front,1,0,0
april_cropped171,Front,1,0,0
april_cropped177,Front,1,0,0
april_cropped179,Front,1,0,0
april_cropped185,Front,1,0,0
april_cropped194,Front,1,0,0
april_cropped195,Front,1,0,0
april_cropped196,Front,1,0,0
april_cropped198,Front,1,0,0
april_cropped200,Front,1,0,0
april_cropped201,Front,1,0,0
april_cropped207,Front,1,0,0
april_cropped214,Front,1,0,0
april_cropped215,Front,1,0,0
april_cropped217,Front,1,0,0
april_cropped218,Front,1,0,0
april_cropped221,Front,1,0,0
april_cropped222,Front,1,0,0
april_cropped226,Front,1,0,0
april_cropped231,Front,1,0,0
april_cropped234,Front,1,0,0
april_cropped235,Front,1,0,0
april_cropped237,Front,1,0,0
april_cropped241,Front,1,0,0
april_cropped242,Front,1,0,0
april_cropped251,Front,1,0,0
april_cropped258,Front,1,0,0
april_cropped259,Front,1,0,0
april_cropped260,Front,1,0,0
april_cropped263,Front,1,0,0
april_cropped272,Front,1,0,0
april_cropped274,Front,1,0,0
april_cropped275,Front,1,0,0
april_cropped280,Front,1,0,0
april_cropped284,Front,1,0,0
april_cropped286,Front,1,0,0
april_cropped287,Front,1,0,0
april_cropped288,Front,1,0,0
april_cropped289,Front,1,0,0
april_cropped290,Front,1,0,0
april_cropped291,Front,1,0,0
april_cropped292,Front,1,0,0
april_cropped294,Front,1,0,0
out268,Back,0,1,0
out269,Back,0,1,0
out271,Back,0,1,0
out272,Back,0,1,0
out275,Back,0,1,0
out284,Back,0,1,0
out285,Back,0,1,0
out287,Back,0,1,0
out289,Back,0,1,0
out291,Back,0,1,0
out292,Back,0,1,0
out294,Back,0,1,0
out295,Back,0,1,0
cropped0,Back,0,1,0
cropped1,Back,0,1,0
cropped2,Back,0,1,0
cropped3,Back,0,1,0
cropped7,Back,0,1,0
cropped12,Back,0,1,0
cropped13,Back,0,1,0
cropped17,Back,0,1,0
cropped18,Back,0,1,0
cropped21,Back,0,1,0
cropped22,Back,0,1,0
cropped24,Back,0,1,0
cropped26,Back,0,1,0
cropped27,Back,0,1,0
cropped31,Back,0,1,0
cropped34,Back,0,1,0
cropped35,Back,0,1,0
cropped36,Back,0,1,0
cropped37,Back,0,1,0
cropped38,Back,0,1,0
cropped40,Back,0,1,0
cropped41,Back,0,1,0
cropped46,Back,0,1,0
cropped48,Back,0,1,0
cropped49,Back,0,1,0
cropped52,Back,0,1,0
cropped53,Back,0,1,0
cropped54,Back,0,1,0
cropped58,Back,0,1,0
cropped60,Back,0,1,0
cropped61,Back,0,1,0
cropped63,Back,0,1,0
cropped64,Back,0,1,0
cropped67,Back,0,1,0
cropped69,Back,0,1,0
cropped70,Back,0,1,0
cropped72,Back,0,1,0
cropped74,Back,0,1,0
cropped77,Back,0,1,0
cropped80,Back,0,1,0
cropped82,Back,0,1,0
cropped83,Back,0,1,0
cropped85,Back,0,1,0
cropped86,Back,0,1,0
cropped88,Back,0,1,0
cropped89,Back,0,1,0
cropped90,Back,0,1,0
cropped93,Back,0,1,0
cropped94,Back,0,1,0
cropped99,Back,0,1,0
cropped103,Back,0,1,0
cropped109,Back,0,1,0
cropped110,Back,0,1,0
cropped111,Back,0,1,0
cropped114,Back,0,1,0
cropped115,Back,0,1,0
cropped118,Back,0,1,0
cropped122,Back,0,1,0
cropped126,Back,0,1,0
cropped127,Back,0,1,0
cropped129,Back,0,1,0
cropped130,Back,0,1,0
cropped133,Back,0,1,0
cropped134,Back,0,1,0
cropped135,Back,0,1,0
cropped136,Back,0,1,0
cropped138,Back,0,1,0
cropped139,Back,0,1,0
cropped140,Back,0,1,0
cropped145,Back,0,1,0
cropped147,Back,0,1,0
cropped148,Back,0,1,0
cropped151,Back,0,1,0
cropped152,Back,0,1,0
cropped153,Back,0,1,0
cropped154,Back,0,1,0
cropped157,Back,0,1,0
cropped158,Back,0,1,0
cropped161,Back,0,1,0
cropped163,Back,0,1,0
cropped164,Back,0,1,0
cropped165,Back,0,1,0
cropped168,Back,0,1,0
cropped169,Back,0,1,0
cropped170,Back,0,1,0
cropped171,Back,0,1,0
cropped172,Back,0,1,0
cropped175,Back,0,1,0
cropped176,Back,0,1,0
cropped177,Back,0,1,0
cropped178,Back,0,1,0
cropped179,Back,0,1,0
cropped181,Back,0,1,0
cropped184,Back,0,1,0
cropped188,Back,0,1,0
cropped191,Back,0,1,0
cropped192,Back,0,1,0
cropped193,Back,0,1,0
cropped197,Back,0,1,0
cropped198,Back,0,1,0
cropped200,Back,0,1,0
cropped201,Back,0,1,0
cropped202,Back,0,1,0
cropped204,Back,0,1,0
cropped206,Back,0,1,0
cropped212,Back,0,1,0
cropped220,Back,0,1,0
cropped222,Back,0,1,0
cropped228,Back,0,1,0
cropped232,Back,0,1,0
cropped234,Back,0,1,0
cropped237,Back,0,1,0
cropped238,Back,0,1,0
cropped239,Back,0,1,0
cropped240,Back,0,1,0
cropped245,Back,0,1,0
cropped248,Back,0,1,0
cropped252,Back,0,1,0
cropped254,Back,0,1,0
cropped255,Back,0,1,0
cropped256,Back,0,1,0
cropped257,Back,0,1,0
cropped259,Back,0,1,0
cropped261,Back,0,1,0
cropped262,Back,0,1,0
cropped264,Back,0,1,0
cropped265,Back,0,1,0
cropped266,Back,0,1,0
cropped268,Back,0,1,0
cropped270,Back,0,1,0
cropped272,Back,0,1,0
cropped273,Back,0,1,0
cropped274,Back,0,1,0
cropped275,Back,0,1,0
cropped276,Back,0,1,0
cropped277,Back,0,1,0
cropped279,Back,0,1,0
cropped280,Back,0,1,0
cropped284,Back,0,1,0
cropped285,Back,0,1,0
cropped287,Back,0,1,0
cropped289,Back,0,1,0
cropped291,Back,0,1,0
cropped296,Back,0,1,0
cropped297,Back,0,1,0
cropped299,Back,0,1,0
cropped305,Back,0,1,0
cropped307,Back,0,1,0
cropped308,Back,0,1,0
cropped309,Back,0,1,0
cropped313,Back,0,1,0
cropped314,Back,0,1,0
cropped320,Back,0,1,0
cropped321,Back,0,1,0
cropped334,Back,0,1,0
cropped338,Back,0,1,0
cropped340,Back,0,1,0
cropped349,Back,0,1,0
cropped350,Back,0,1,0
cropped356,Back,0,1,0
cropped359,Back,0,1,0
cropped360,Back,0,1,0
cropped362,Back,0,1,0
cropped363,Back,0,1,0
cropped364,Back,0,1,0
cropped373,Back,0,1,0
cropped375,Back,0,1,0
cropped378,Back,0,1,0
cropped390,Back,0,1,0
cropped394,Back,0,1,0
cropped397,Back,0,1,0
cropped398,Back,0,1,0
cropped399,Back,0,1,0
cropped403,Back,0,1,0
cropped404,Back,0,1,0
cropped405,Back,0,1,0
cropped406,Back,0,1,0
cropped410,Back,0,1,0
cropped414,Back,0,1,0
cropped417,Back,0,1,0
cropped419,Back,0,1,0
cropped420,Back,0,1,0
cropped423,Back,0,1,0
cropped424,Back,0,1,0
cropped432,Back,0,1,0
cropped433,Back,0,1,0
cropped436,Back,0,1,0
cropped437,Back,0,1,0
cropped439,Back,0,1,0
cropped440,Back,0,1,0
cropped441,Back,0,1,0
cropped442,Back,0,1,0
cropped461,Back,0,1,0
cropped463,Back,0,1,0
cropped464,Back,0,1,0
cropped465,Back,0,1,0
cropped466,Back,0,1,0
cropped467,Back,0,1,0
cropped468,Back,0,1,0
cropped471,Back,0,1,0
cropped474,Back,0,1,0
cropped475,Back,0,1,0
cropped476,Back,0,1,0
cropped480,Back,0,1,0
cropped484,Back,0,1,0
cropped486,Back,0,1,0
cropped487,Back,0,1,0
cropped490,Back,0,1,0
cropped492,Back,0,1,0
cropped501,Back,0,1,0
cropped502,Back,0,1,0
cropped507,Back,0,1,0
cropped508,Back,0,1,0
cropped509,Back,0,1,0
cropped510,Back,0,1,0
cropped511,Back,0,1,0
cropped513,Back,0,1,0
cropped522,Back,0,1,0
cropped532,Back,0,1,0
cropped537,Back,0,1,0
cropped538,Back,0,1,0
cropped541,Back,0,1,0
cropped542,Back,0,1,0
cropped544,Back,0,1,0
cropped545,Back,0,1,0
cropped547,Back,0,1,0
cropped549,Back,0,1,0
cropped550,Back,0,1,0
cropped551,Back,0,1,0
cropped552,Back,0,1,0
cropped553,Back,0,1,0
cropped556,Back,0,1,0
cropped559,Back,0,1,0
cropped560,Back,0,1,0
cropped561,Back,0,1,0
cropped565,Back,0,1,0
cropped569,Back,0,1,0
cropped570,Back,0,1,0
cropped571,Back,0,1,0
cropped573,Back,0,1,0
cropped576,Back,0,1,0
cropped578,Back,0,1,0
cropped584,Back,0,1,0
april_cropped0,Back,0,1,0
april_cropped1,Back,0,1,0
april_cropped9,Back,0,1,0
april_cropped10,Back,0,1,0
april_cropped11,Back,0,1,0
april_cropped12,Back,0,1,0
april_cropped13,Back,0,1,0
april_cropped14,Back,0,1,0
april_cropped15,Back,0,1,0
april_cropped28,Back,0,1,0
april_cropped29,Back,0,1,0
april_cropped33,Back,0,1,0
april_cropped34,Back,0,1,0
april_cropped35,Back,0,1,0
april_cropped41,Back,0,1,0
april_cropped44,Back,0,1,0
april_cropped45,Back,0,1,0
april_cropped48,Back,0,1,0
april_cropped49,Back,0,1,0
april_cropped52,Back,0,1,0
april_cropped54,Back,0,1,0
april_cropped55,Back,0,1,0
april_cropped56,Back,0,1,0
april_cropped60,Back,0,1,0
april_cropped61,Back,0,1,0
april_cropped64,Back,0,1,0
april_cropped66,Back,0,1,0
april_cropped73,Back,0,1,0
april_cropped74,Back,0,1,0
april_cropped75,Back,0,1,0
april_cropped79,Back,0,1,0
april_cropped80,Back,0,1,0
april_cropped83,Back,0,1,0
april_cropped85,Back,0,1,0
april_cropped86,Back,0,1,0
april_cropped88,Back,0,1,0
april_cropped89,Back,0,1,0
april_cropped95,Back,0,1,0
april_cropped98,Back,0,1,0
april_cropped99,Back,0,1,0
april_cropped101,Back,0,1,0
april_cropped111,Back,0,1,0
april_cropped112,Back,0,1,0
april_cropped113,Back,0,1,0
april_cropped114,Back,0,1,0
april_cropped115,Back,0,1,0
april_cropped119,Back,0,1,0
april_cropped120,Back,0,1,0
april_cropped127,Back,0,1,0
april_cropped128,Back,0,1,0
april_cropped130,Back,0,1,0
april_cropped134,Back,0,1,0
april_cropped135,Back,0,1,0
april_cropped140,Back,0,1,0
april_cropped145,Back,0,1,0
april_cropped147,Back,0,1,0
april_cropped148,Back,0,1,0
april_cropped152,Back,0,1,0
april_cropped154,Back,0,1,0
april_cropped156,Back,0,1,0
april_cropped157,Back,0,1,0
april_cropped158,Back,0,1,0
april_cropped162,Back,0,1,0
april_cropped165,Back,0,1,0
april_cropped168,Back,0,1,0
april_cropped173,Back,0,1,0
april_cropped174,Back,0,1,0
april_cropped175,Back,0,1,0
april_cropped176,Back,0,1,0
april_cropped178,Back,0,1,0
april_cropped181,Back,0,1,0
april_cropped183,Back,0,1,0
april_cropped184,Back,0,1,0
april_cropped186,Back,0,1,0
april_cropped187,Back,0,1,0
april_cropped188,Back,0,1,0
april_cropped189,Back,0,1,0
april_cropped190,Back,0,1,0
april_cropped191,Back,0,1,0
april_cropped192,Back,0,1,0
april_cropped193,Back,0,1,0
april_cropped197,Back,0,1,0
april_cropped199,Back,0,1,0
april_cropped203,Back,0,1,0
april_cropped204,Back,0,1,0
april_cropped205,Back,0,1,0
april_cropped208,Back,0,1,0
april_cropped209,Back,0,1,0
april_cropped210,Back,0,1,0
april_cropped212,Back,0,1,0
april_cropped213,Back,0,1,0
april_cropped219,Back,0,1,0
april_cropped224,Back,0,1,0
april_cropped225,Back,0,1,0
april_cropped227,Back,0,1,0
april_cropped228,Back,0,1,0
april_cropped229,Back,0,1,0
april_cropped230,Back,0,1,0
april_cropped233,Back,0,1,0
april_cropped238,Back,0,1,0
april_cropped239,Back,0,1,0
april_cropped240,Back,0,1,0
april_cropped243,Back,0,1,0
april_cropped244,Back,0,1,0
april_cropped245,Back,0,1,0
april_cropped246,Back,0,1,0
april_cropped247,Back,0,1,0
april_cropped248,Back,0,1,0
april_cropped249,Back,0,1,0
april_cropped250,Back,0,1,0
april_cropped252,Back,0,1,0
april_cropped253,Back,0,1,0
april_cropped254,Back,0,1,0
april_cropped255,Back,0,1,0
april_cropped257,Back,0,1,0
april_cropped262,Back,0,1,0
april_cropped264,Back,0,1,0
april_cropped265,Back,0,1,0
april_cropped266,Back,0,1,0
april_cropped267,Back,0,1,0
april_cropped268,Back,0,1,0
april_cropped269,Back,0,1,0
april_cropped270,Back,0,1,0
april_cropped271,Back,0,1,0
april_cropped273,Back,0,1,0
april_cropped276,Back,0,1,0
april_cropped279,Back,0,1,0
april_cropped293,Back,0,1,0
april_cropped295,Back,0,1,0
out17,Others,0,0,1
out21,Others,0,0,1
out47,Others,0,0,1
out61,Others,0,0,1
out81,Others,0,0,1
out82,Others,0,0,1
out95,Others,0,0,1
out161,Others,0,0,1
out172,Others,0,0,1
out173,Others,0,0,1
out188,Others,0,0,1
cropped95,Others,0,0,1
cropped97,Others,0,0,1
cropped100,Others,0,0,1
cropped104,Others,0,0,1
cropped106,Others,0,0,1
cropped107,Others,0,0,1
cropped108,Others,0,0,1
cropped112,Others,0,0,1
cropped116,Others,0,0,1
cropped117,Others,0,0,1
cropped119,Others,0,0,1
cropped120,Others,0,0,1
cropped121,Others,0,0,1
cropped124,Others,0,0,1
cropped125,Others,0,0,1
cropped128,Others,0,0,1
cropped131,Others,0,0,1
cropped132,Others,0,0,1
cropped137,Others,0,0,1
cropped141,Others,0,0,1
cropped142,Others,0,0,1
cropped143,Others,0,0,1
cropped144,Others,0,0,1
cropped146,Others,0,0,1
cropped149,Others,0,0,1
cropped150,Others,0,0,1
cropped155,Others,0,0,1
cropped160,Others,0,0,1
cropped162,Others,0,0,1
cropped167,Others,0,0,1
cropped174,Others,0,0,1
cropped182,Others,0,0,1
cropped183,Others,0,0,1
cropped185,Others,0,0,1
cropped186,Others,0,0,1
cropped187,Others,0,0,1
cropped189,Others,0,0,1
cropped190,Others,0,0,1
cropped194,Others,0,0,1
cropped195,Others,0,0,1
cropped196,Others,0,0,1
cropped205,Others,0,0,1
cropped207,Others,0,0,1
cropped208,Others,0,0,1
cropped209,Others,0,0,1
cropped210,Others,0,0,1
cropped211,Others,0,0,1
cropped213,Others,0,0,1
cropped214,Others,0,0,1
cropped215,Others,0,0,1
cropped216,Others,0,0,1
cropped217,Others,0,0,1
cropped219,Others,0,0,1
cropped221,Others,0,0,1
cropped223,Others,0,0,1
cropped224,Others,0,0,1
cropped226,Others,0,0,1
cropped229,Others,0,0,1
cropped230,Others,0,0,1
cropped233,Others,0,0,1
cropped235,Others,0,0,1
cropped241,Others,0,0,1
cropped242,Others,0,0,1
cropped243,Others,0,0,1
cropped244,Others,0,0,1
cropped246,Others,0,0,1
cropped247,Others,0,0,1
cropped249,Others,0,0,1
cropped250,Others,0,0,1
cropped253,Others,0,0,1
cropped258,Others,0,0,1
cropped260,Others,0,0,1
cropped267,Others,0,0,1
cropped269,Others,0,0,1
cropped271,Others,0,0,1
cropped278,Others,0,0,1
cropped281,Others,0,0,1
cropped282,Others,0,0,1
cropped283,Others,0,0,1
cropped286,Others,0,0,1
cropped288,Others,0,0,1
cropped292,Others,0,0,1
cropped293,Others,0,0,1
cropped294,Others,0,0,1
cropped295,Others,0,0,1
cropped298,Others,0,0,1
cropped300,Others,0,0,1
cropped302,Others,0,0,1
cropped304,Others,0,0,1
cropped310,Others,0,0,1
cropped311,Others,0,0,1
cropped317,Others,0,0,1
cropped322,Others,0,0,1
cropped323,Others,0,0,1
cropped324,Others,0,0,1
cropped325,Others,0,0,1
cropped326,Others,0,0,1
cropped327,Others,0,0,1
cropped328,Others,0,0,1
cropped329,Others,0,0,1
cropped330,Others,0,0,1
cropped331,Others,0,0,1
cropped332,Others,0,0,1
cropped333,Others,0,0,1
cropped335,Others,0,0,1
cropped336,Others,0,0,1
cropped337,Others,0,0,1
cropped339,Others,0,0,1
cropped343,Others,0,0,1
cropped344,Others,0,0,1
cropped345,Others,0,0,1
cropped346,Others,0,0,1
cropped353,Others,0,0,1
cropped354,Others,0,0,1
cropped355,Others,0,0,1
cropped357,Others,0,0,1
cropped361,Others,0,0,1
cropped365,Others,0,0,1
cropped366,Others,0,0,1
cropped367,Others,0,0,1
cropped368,Others,0,0,1
cropped371,Others,0,0,1
cropped372,Others,0,0,1
cropped374,Others,0,0,1
cropped376,Others,0,0,1
cropped377,Others,0,0,1
cropped379,Others,0,0,1
cropped380,Others,0,0,1
cropped381,Others,0,0,1
cropped383,Others,0,0,1
cropped384,Others,0,0,1
cropped385,Others,0,0,1
cropped387,Others,0,0,1
cropped388,Others,0,0,1
cropped389,Others,0,0,1
cropped392,Others,0,0,1
cropped393,Others,0,0,1
cropped395,Others,0,0,1
cropped396,Others,0,0,1
cropped400,Others,0,0,1
cropped401,Others,0,0,1
cropped402,Others,0,0,1
cropped407,Others,0,0,1
cropped408,Others,0,0,1
cropped409,Others,0,0,1
cropped411,Others,0,0,1
cropped412,Others,0,0,1
cropped413,Others,0,0,1
cropped415,Others,0,0,1
cropped416,Others,0,0,1
cropped418,Others,0,0,1
cropped421,Others,0,0,1
cropped422,Others,0,0,1
cropped426,Others,0,0,1
cropped427,Others,0,0,1
cropped428,Others,0,0,1
cropped429,Others,0,0,1
cropped430,Others,0,0,1
cropped434,Others,0,0,1
cropped435,Others,0,0,1
cropped438,Others,0,0,1
cropped443,Others,0,0,1
cropped444,Others,0,0,1
cropped445,Others,0,0,1
cropped446,Others,0,0,1
cropped447,Others,0,0,1
cropped448,Others,0,0,1
cropped449,Others,0,0,1
cropped450,Others,0,0,1
cropped451,Others,0,0,1
cropped452,Others,0,0,1
cropped453,Others,0,0,1
cropped454,Others,0,0,1
cropped455,Others,0,0,1
cropped457,Others,0,0,1
cropped458,Others,0,0,1
cropped459,Others,0,0,1
cropped460,Others,0,0,1
cropped462,Others,0,0,1
cropped470,Others,0,0,1
cropped473,Others,0,0,1
cropped477,Others,0,0,1
cropped478,Others,0,0,1
cropped479,Others,0,0,1
cropped482,Others,0,0,1
cropped483,Others,0,0,1
cropped485,Others,0,0,1
cropped488,Others,0,0,1
cropped489,Others,0,0,1
cropped491,Others,0,0,1
cropped493,Others,0,0,1
cropped494,Others,0,0,1
cropped495,Others,0,0,1
cropped496,Others,0,0,1
cropped500,Others,0,0,1
cropped503,Others,0,0,1
cropped505,Others,0,0,1
cropped506,Others,0,0,1
cropped512,Others,0,0,1
cropped514,Others,0,0,1
cropped516,Others,0,0,1
cropped518,Others,0,0,1
cropped519,Others,0,0,1
cropped520,Others,0,0,1
cropped521,Others,0,0,1
cropped524,Others,0,0,1
cropped525,Others,0,0,1
cropped526,Others,0,0,1
cropped527,Others,0,0,1
cropped528,Others,0,0,1
cropped529,Others,0,0,1
cropped530,Others,0,0,1
cropped531,Others,0,0,1
cropped533,Others,0,0,1
cropped535,Others,0,0,1
cropped536,Others,0,0,1
cropped540,Others,0,0,1
cropped543,Others,0,0,1
cropped546,Others,0,0,1
cropped548,Others,0,0,1
cropped555,Others,0,0,1
cropped557,Others,0,0,1
cropped558,Others,0,0,1
cropped562,Others,0,0,1
cropped563,Others,0,0,1
cropped567,Others,0,0,1
cropped572,Others,0,0,1
cropped574,Others,0,0,1
cropped580,Others,0,0,1
cropped583,Others,0,0,1
cropped585,Others,0,0,1
cropped586,Others,0,0,1
cropped587,Others,0,0,1
april_cropped38,Others,0,0,1
april_cropped93,Others,0,0,1
april_cropped180,Others,0,0,1
april_cropped182,Others,0,0,1
april_cropped206,Others,0,0,1
april_cropped232,Others,0,0,1
april_cropped236,Others,0,0,1
april_cropped256,Others,0,0,1
new1,Back,0,1,0
new8,Back,0,1,0
new9,Back,0,1,0
new11,Back,0,1,0
new13,Back,0,1,0
new15,Back,0,1,0
new18,Back,0,1,0
new31,Back,0,1,0
new33,Back,0,1,0
new34,Back,0,1,0
new35,Back,0,1,0
new39,Back,0,1,0
new44,Back,0,1,0
new47,Back,0,1,0
new50,Back,0,1,0
new51,Back,0,1,0
new55,Back,0,1,0
new60,Back,0,1,0
new62,Back,0,1,0
new63,Back,0,1,0
new69,Back,0,1,0
new77,Back,0,1,0
new78,Back,0,1,0
new90,Back,0,1,0
new132,Back,0,1,0
new133,Back,0,1,0
new134,Back,0,1,0
new140,Back,0,1,0
new143,Back,0,1,0
new158,Back,0,1,0
new160,Back,0,1,0
new161,Back,0,1,0
new162,Back,0,1,0
new165,Back,0,1,0
new166,Back,0,1,0
new170,Back,0,1,0
new173,Back,0,1,0
new177,Back,0,1,0
new180,Back,0,1,0
new182,Back,0,1,0
new185,Back,0,1,0
new186,Back,0,1,0
new187,Back,0,1,0
new190,Back,0,1,0
new191,Back,0,1,0
new192,Back,0,1,0
new195,Back,0,1,0
new197,Back,0,1,0
new198,Back,0,1,0
new200,Back,0,1,0
new211,Back,0,1,0
new219,Back,0,1,0
new224,Back,0,1,0
new240,Back,0,1,0
new247,Back,0,1,0
new248,Back,0,1,0
new249,Back,0,1,0
new252,Back,0,1,0
new261,Back,0,1,0
new274,Back,0,1,0
new275,Back,0,1,0
new282,Back,0,1,0
new291,Back,0,1,0
new296,Back,0,1,0
new297,Back,0,1,0
new298,Back,0,1,0
new300,Back,0,1,0
new303,Back,0,1,0
new309,Back,0,1,0
new310,Back,0,1,0
new311,Back,0,1,0
new312,Back,0,1,0
new319,Back,0,1,0
new323,Back,0,1,0
new324,Back,0,1,0
new325,Back,0,1,0
new330,Back,0,1,0
new332,Back,0,1,0
new335,Back,0,1,0
new337,Back,0,1,0
new341,Back,0,1,0
new342,Back,0,1,0
new347,Back,0,1,0
new353,Back,0,1,0
new354,Back,0,1,0
new355,Back,0,1,0
new358,Back,0,1,0
new359,Back,0,1,0
new362,Back,0,1,0
new368,Back,0,1,0
new369,Back,0,1,0
new370,Back,0,1,0
new371,Back,0,1,0
new373,Back,0,1,0
new378,Back,0,1,0
new380,Back,0,1,0
new389,Back,0,1,0
new390,Back,0,1,0
new403,Back,0,1,0
new404,Back,0,1,0
new405,Back,0,1,0
new407,Back,0,1,0
new408,Back,0,1,0
new409,Back,0,1,0
new410,Back,0,1,0
new411,Back,0,1,0
new412,Back,0,1,0
new417,Back,0,1,0
new418,Back,0,1,0
new419,Back,0,1,0
new420,Back,0,1,0
new422,Back,0,1,0
new425,Back,0,1,0
new433,Back,0,1,0
new440,Back,0,1,0
new441,Back,0,1,0
new442,Back,0,1,0
new445,Back,0,1,0
new446,Back,0,1,0
new448,Back,0,1,0
new449,Back,0,1,0
new450,Back,0,1,0
new451,Back,0,1,0
new463,Back,0,1,0
new467,Back,0,1,0
new484,Back,0,1,0
new487,Back,0,1,0
new493,Back,0,1,0
new494,Back,0,1,0
new496,Back,0,1,0
new501,Back,0,1,0
new502,Back,0,1,0
new507,Back,0,1,0
new510,Back,0,1,0
new514,Back,0,1,0
new517,Back,0,1,0
new518,Back,0,1,0
new519,Back,0,1,0
new520,Back,0,1,0
new535,Back,0,1,0
new538,Back,0,1,0
new539,Back,0,1,0
new546,Back,0,1,0
new549,Back,0,1,0
new556,Back,0,1,0
new561,Back,0,1,0
new563,Back,0,1,0
new565,Back,0,1,0
new570,Back,0,1,0
new575,Back,0,1,0
new581,Back,0,1,0
new583,Back,0,1,0
new584,Back,0,1,0
new586,Back,0,1,0
new589,Back,0,1,0
new592,Back,0,1,0
new593,Back,0,1,0
new594,Back,0,1,0
new596,Back,0,1,0
new597,Back,0,1,0
new600,Back,0,1,0
new606,Back,0,1,0
new607,Back,0,1,0
new608,Back,0,1,0
new619,Back,0,1,0
new620,Back,0,1,0
new626,Back,0,1,0
new645,Back,0,1,0
new653,Back,0,1,0
new654,Back,0,1,0
new655,Back,0,1,0
new660,Back,0,1,0
new663,Back,0,1,0
new681,Back,0,1,0
new682,Back,0,1,0
new685,Back,0,1,0
new687,Back,0,1,0
new692,Back,0,1,0
new693,Back,0,1,0
new699,Back,0,1,0
new702,Back,0,1,0
new709,Back,0,1,0
new710,Back,0,1,0
new711,Back,0,1,0
new715,Back,0,1,0
new1355,Back,0,1,0
new1360,Back,0,1,0
new1361,Back,0,1,0
new1362,Back,0,1,0
new1364,Back,0,1,0
new1365,Back,0,1,0
new1368,Back,0,1,0
new1369,Back,0,1,0
new1370,Back,0,1,0
new1381,Back,0,1,0
new1382,Back,0,1,0
new1389,Back,0,1,0
new1394,Back,0,1,0
new1399,Back,0,1,0
new1403,Back,0,1,0
new1407,Back,0,1,0
new1410,Back,0,1,0
new1413,Back,0,1,0
new1414,Back,0,1,0
new1416,Back,0,1,0
new1418,Back,0,1,0
new1419,Back,0,1,0
new1422,Back,0,1,0
new1423,Back,0,1,0
new1427,Back,0,1,0
new1428,Back,0,1,0
new1431,Back,0,1,0
new1436,Back,0,1,0
new1442,Back,0,1,0
new1443,Back,0,1,0
new1446,Back,0,1,0
new1448,Back,0,1,0
new1453,Back,0,1,0
new1456,Back,0,1,0
new1459,Back,0,1,0
new1460,Back,0,1,0
new1461,Back,0,1,0
new1464,Back,0,1,0
new1467,Back,0,1,0
new1469,Back,0,1,0
new1471,Back,0,1,0
new1472,Back,0,1,0
new1476,Back,0,1,0
new1482,Back,0,1,0
new1485,Back,0,1,0
new1489,Back,0,1,0
new1490,Back,0,1,0
new1492,Back,0,1,0
new1497,Back,0,1,0
new1500,Back,0,1,0
new1504,Back,0,1,0
new1506,Back,0,1,0
new1508,Back,0,1,0
new1517,Back,0,1,0
new1527,Back,0,1,0
new1535,Back,0,1,0
new1540,Back,0,1,0
new1543,Back,0,1,0
new1544,Back,0,1,0
new1550,Back,0,1,0
new1558,Back,0,1,0
new1561,Back,0,1,0
new1565,Back,0,1,0
new1566,Back,0,1,0
new1571,Back,0,1,0
new1572,Back,0,1,0
new1574,Back,0,1,0
new1575,Back,0,1,0
new1584,Back,0,1,0
new1586,Back,0,1,0
new1587,Back,0,1,0
new1591,Back,0,1,0
new1595,Back,0,1,0
new1596,Back,0,1,0
new1597,Back,0,1,0
new1599,Back,0,1,0
new1601,Back,0,1,0
new1605,Back,0,1,0
new1606,Back,0,1,0
new1609,Back,0,1,0
new1610,Back,0,1,0
new1627,Back,0,1,0
new1628,Back,0,1,0
new1630,Back,0,1,0
new1633,Back,0,1,0
new1634,Back,0,1,0
new1635,Back,0,1,0
new1636,Back,0,1,0
new1637,Back,0,1,0
new1643,Back,0,1,0
new1647,Back,0,1,0
new1652,Back,0,1,0
new1654,Back,0,1,0
new1659,Back,0,1,0
new1662,Back,0,1,0
new1666,Back,0,1,0
new1668,Back,0,1,0
new1673,Back,0,1,0
new1677,Back,0,1,0
new1682,Back,0,1,0
new1688,Back,0,1,0
new1689,Back,0,1,0
new1692,Back,0,1,0
new1695,Back,0,1,0
new1697,Back,0,1,0
new1706,Back,0,1,0
new1713,Back,0,1,0
new1717,Back,0,1,0
new1722,Back,0,1,0
new1725,Back,0,1,0
new1740,Back,0,1,0
new1741,Back,0,1,0
new1744,Back,0,1,0
new1752,Back,0,1,0
new1753,Back,0,1,0
new1756,Back,0,1,0
new1759,Back,0,1,0
new1770,Back,0,1,0
new1783,Back,0,1,0
new1784,Back,0,1,0
new1787,Back,0,1,0
new1794,Back,0,1,0
new1801,Back,0,1,0
new1806,Back,0,1,0
new1808,Back,0,1,0
new1810,Back,0,1,0
new1812,Back,0,1,0
new1817,Back,0,1,0
new1820,Back,0,1,0
new1826,Back,0,1,0
new1827,Back,0,1,0
new1828,Back,0,1,0
new1844,Back,0,1,0
new1851,Back,0,1,0
new1852,Back,0,1,0
new1855,Back,0,1,0
new1858,Back,0,1,0
new1865,Back,0,1,0
new1867,Back,0,1,0
new1869,Back,0,1,0
new1878,Back,0,1,0
new1879,Back,0,1,0
new1880,Back,0,1,0
new1881,Back,0,1,0
new1882,Back,0,1,0
new1890,Back,0,1,0
new1892,Back,0,1,0
new1893,Back,0,1,0
new1895,Back,0,1,0
new10,Front,1,0,0
new14,Front,1,0,0
new17,Front,1,0,0
new21,Front,1,0,0
new23,Front,1,0,0
new42,Front,1,0,0
new48,Front,1,0,0
new54,Front,1,0,0
new70,Front,1,0,0
new76,Front,1,0,0
new83,Front,1,0,0
new106,Front,1,0,0
new122,Front,1,0,0
new146,Front,1,0,0
new189,Front,1,0,0
new246,Front,1,0,0
new293,Front,1,0,0
new392,Front,1,0,0
new426,Front,1,0,0
new462,Front,1,0,0
new557,Front,1,0,0
new572,Front,1,0,0
new612,Front,1,0,0
new631,Front,1,0,0
new634,Front,1,0,0
new648,Front,1,0,0
new658,Front,1,0,0
new659,Front,1,0,0
new667,Front,1,0,0
new668,Front,1,0,0
new1356,Front,1,0,0
new1363,Front,1,0,0
new1366,Front,1,0,0
new1367,Front,1,0,0
new1388,Front,1,0,0
new1390,Front,1,0,0
new1452,Front,1,0,0
new1465,Front,1,0,0
new1470,Front,1,0,0
new1473,Front,1,0,0
new1474,Front,1,0,0
new1475,Front,1,0,0
new1507,Front,1,0,0
new1510,Front,1,0,0
new1513,Front,1,0,0
new1518,Front,1,0,0
new1521,Front,1,0,0
new1524,Front,1,0,0
new1533,Front,1,0,0
new1536,Front,1,0,0
new1549,Front,1,0,0
new1580,Front,1,0,0
new1585,Front,1,0,0
new1590,Front,1,0,0
new1594,Front,1,0,0
new1607,Front,1,0,0
new1614,Front,1,0,0
new1615,Front,1,0,0
new1617,Front,1,0,0
new1620,Front,1,0,0
new1625,Front,1,0,0
new1629,Front,1,0,0
new1640,Front,1,0,0
new1641,Front,1,0,0
new1674,Front,1,0,0
new1684,Front,1,0,0
new1686,Front,1,0,0
new1701,Front,1,0,0
new1704,Front,1,0,0
new1710,Front,1,0,0
new1734,Front,1,0,0
new1739,Front,1,0,0
new1774,Front,1,0,0
new1805,Front,1,0,0
new1809,Front,1,0,0
new1811,Front,1,0,0
new1814,Front,1,0,0
new1815,Front,1,0,0
new1816,Front,1,0,0
new1818,Front,1,0,0
new1819,Front,1,0,0
new1822,Front,1,0,0
new1823,Front,1,0,0
new1824,Front,1,0,0
new1833,Front,1,0,0
new1834,Front,1,0,0
new1835,Front,1,0,0
new1836,Front,1,0,0
new1843,Front,1,0,0
new1846,Front,1,0,0
new1849,Front,1,0,0
new1853,Front,1,0,0
new1854,Front,1,0,0
new1856,Front,1,0,0
new1864,Front,1,0,0
new1866,Front,1,0,0
new1874,Front,1,0,0
new1875,Front,1,0,0
new0,Others,0,0,1
new3,Others,0,0,1
new4,Others,0,0,1
new5,Others,0,0,1
new6,Others,0,0,1
new7,Others,0,0,1
new12,Others,0,0,1
new16,Others,0,0,1
new20,Others,0,0,1
new22,Others,0,0,1
new24,Others,0,0,1
new25,Others,0,0,1
new26,Others,0,0,1
new28,Others,0,0,1
new29,Others,0,0,1
new36,Others,0,0,1
new37,Others,0,0,1
new40,Others,0,0,1
new41,Others,0,0,1
new43,Others,0,0,1
new49,Others,0,0,1
new52,Others,0,0,1
new57,Others,0,0,1
new61,Others,0,0,1
new65,Others,0,0,1
new66,Others,0,0,1
new67,Others,0,0,1
new68,Others,0,0,1
new71,Others,0,0,1
new73,Others,0,0,1
new75,Others,0,0,1
new79,Others,0,0,1
new81,Others,0,0,1
new82,Others,0,0,1
new84,Others,0,0,1
new86,Others,0,0,1
new87,Others,0,0,1
new88,Others,0,0,1
new89,Others,0,0,1
new91,Others,0,0,1
new92,Others,0,0,1
new93,Others,0,0,1
new94,Others,0,0,1
new96,Others,0,0,1
new98,Others,0,0,1
new99,Others,0,0,1
new100,Others,0,0,1
new101,Others,0,0,1
new102,Others,0,0,1
new103,Others,0,0,1
new105,Others,0,0,1
new107,Others,0,0,1
new108,Others,0,0,1
new109,Others,0,0,1
new110,Others,0,0,1
new111,Others,0,0,1
new112,Others,0,0,1
new113,Others,0,0,1
new114,Others,0,0,1
new115,Others,0,0,1
new116,Others,0,0,1
new117,Others,0,0,1
new118,Others,0,0,1
new119,Others,0,0,1
new120,Others,0,0,1
new121,Others,0,0,1
new123,Others,0,0,1
new124,Others,0,0,1
new125,Others,0,0,1
new126,Others,0,0,1
new127,Others,0,0,1
new128,Others,0,0,1
new129,Others,0,0,1
new130,Others,0,0,1
new131,Others,0,0,1
new135,Others,0,0,1
new136,Others,0,0,1
new137,Others,0,0,1
new138,Others,0,0,1
new141,Others,0,0,1
new144,Others,0,0,1
new145,Others,0,0,1
new147,Others,0,0,1
new148,Others,0,0,1
new149,Others,0,0,1
new150,Others,0,0,1
new151,Others,0,0,1
new152,Others,0,0,1
new153,Others,0,0,1
new154,Others,0,0,1
new155,Others,0,0,1
new156,Others,0,0,1
new157,Others,0,0,1
new159,Others,0,0,1
new163,Others,0,0,1
new164,Others,0,0,1
new167,Others,0,0,1
new168,Others,0,0,1
new171,Others,0,0,1
new172,Others,0,0,1
new174,Others,0,0,1
new176,Others,0,0,1
new178,Others,0,0,1
new179,Others,0,0,1
new181,Others,0,0,1
new183,Others,0,0,1
new184,Others,0,0,1
new188,Others,0,0,1
new194,Others,0,0,1
new196,Others,0,0,1
new199,Others,0,0,1
new201,Others,0,0,1
new202,Others,0,0,1
new203,Others,0,0,1
new204,Others,0,0,1
new205,Others,0,0,1
new206,Others,0,0,1
new207,Others,0,0,1
new208,Others,0,0,1
new213,Others,0,0,1
new214,Others,0,0,1
new215,Others,0,0,1
new216,Others,0,0,1
new217,Others,0,0,1
new218,Others,0,0,1
new221,Others,0,0,1
new222,Others,0,0,1
new223,Others,0,0,1
new225,Others,0,0,1
new226,Others,0,0,1
new228,Others,0,0,1
new230,Others,0,0,1
new231,Others,0,0,1
new232,Others,0,0,1
new233,Others,0,0,1
new234,Others,0,0,1
new235,Others,0,0,1
new236,Others,0,0,1
new237,Others,0,0,1
new238,Others,0,0,1
new241,Others,0,0,1
new242,Others,0,0,1
new243,Others,0,0,1
new244,Others,0,0,1
new245,Others,0,0,1
new251,Others,0,0,1
new253,Others,0,0,1
new254,Others,0,0,1
new255,Others,0,0,1
new256,Others,0,0,1
new257,Others,0,0,1
new258,Others,0,0,1
new259,Others,0,0,1
new260,Others,0,0,1
new262,Others,0,0,1
new263,Others,0,0,1
new264,Others,0,0,1
new265,Others,0,0,1
new266,Others,0,0,1
new267,Others,0,0,1
new268,Others,0,0,1
new269,Others,0,0,1
new270,Others,0,0,1
new277,Others,0,0,1
new279,Others,0,0,1
new280,Others,0,0,1
new281,Others,0,0,1
new285,Others,0,0,1
new286,Others,0,0,1
new287,Others,0,0,1
new288,Others,0,0,1
new289,Others,0,0,1
new290,Others,0,0,1
new292,Others,0,0,1
new295,Others,0,0,1
new299,Others,0,0,1
new302,Others,0,0,1
new304,Others,0,0,1
new305,Others,0,0,1
new306,Others,0,0,1
new307,Others,0,0,1
new308,Others,0,0,1
new313,Others,0,0,1
new315,Others,0,0,1
new316,Others,0,0,1
new321,Others,0,0,1
new322,Others,0,0,1
new326,Others,0,0,1
new327,Others,0,0,1
new329,Others,0,0,1
new331,Others,0,0,1
new333,Others,0,0,1
new334,Others,0,0,1
new336,Others,0,0,1
new338,Others,0,0,1
new340,Others,0,0,1
new343,Others,0,0,1
new344,Others,0,0,1
new346,Others,0,0,1
new348,Others,0,0,1
new349,Others,0,0,1
new350,Others,0,0,1
new351,Others,0,0,1
new352,Others,0,0,1
new356,Others,0,0,1
new357,Others,0,0,1
new360,Others,0,0,1
new364,Others,0,0,1
new365,Others,0,0,1
new366,Others,0,0,1
new367,Others,0,0,1
new372,Others,0,0,1
new374,Others,0,0,1
new375,Others,0,0,1
new376,Others,0,0,1
new377,Others,0,0,1
new379,Others,0,0,1
new381,Others,0,0,1
new382,Others,0,0,1
new383,Others,0,0,1
new384,Others,0,0,1
new385,Others,0,0,1
new386,Others,0,0,1
new387,Others,0,0,1
new388,Others,0,0,1
new391,Others,0,0,1
new393,Others,0,0,1
new394,Others,0,0,1
new395,Others,0,0,1
new396,Others,0,0,1
new397,Others,0,0,1
new398,Others,0,0,1
new400,Others,0,0,1
new401,Others,0,0,1
new406,Others,0,0,1
new413,Others,0,0,1
new416,Others,0,0,1
new421,Others,0,0,1
new423,Others,0,0,1
new424,Others,0,0,1
new427,Others,0,0,1
new428,Others,0,0,1
new429,Others,0,0,1
new430,Others,0,0,1
new431,Others,0,0,1
new432,Others,0,0,1
new434,Others,0,0,1
new435,Others,0,0,1
new436,Others,0,0,1
new437,Others,0,0,1
new438,Others,0,0,1
new439,Others,0,0,1
new444,Others,0,0,1
new447,Others,0,0,1
new452,Others,0,0,1
new453,Others,0,0,1
new454,Others,0,0,1
new455,Others,0,0,1
new456,Others,0,0,1
new457,Others,0,0,1
new458,Others,0,0,1
new459,Others,0,0,1
new460,Others,0,0,1
new464,Others,0,0,1
new465,Others,0,0,1
new466,Others,0,0,1
new469,Others,0,0,1
new470,Others,0,0,1
new477,Others,0,0,1
new478,Others,0,0,1
new479,Others,0,0,1
new480,Others,0,0,1
new481,Others,0,0,1
new482,Others,0,0,1
new483,Others,0,0,1
new485,Others,0,0,1
new488,Others,0,0,1
new489,Others,0,0,1
new490,Others,0,0,1
new491,Others,0,0,1
new492,Others,0,0,1
new497,Others,0,0,1
new498,Others,0,0,1
new500,Others,0,0,1
new503,Others,0,0,1
new505,Others,0,0,1
new506,Others,0,0,1
new508,Others,0,0,1
new509,Others,0,0,1
new511,Others,0,0,1
new512,Others,0,0,1
new513,Others,0,0,1
new515,Others,0,0,1
new516,Others,0,0,1
new521,Others,0,0,1
new522,Others,0,0,1
new523,Others,0,0,1
new524,Others,0,0,1
new525,Others,0,0,1
new526,Others,0,0,1
new527,Others,0,0,1
new528,Others,0,0,1
new529,Others,0,0,1
new530,Others,0,0,1
new531,Others,0,0,1
new532,Others,0,0,1
new533,Others,0,0,1
new536,Others,0,0,1
new537,Others,0,0,1
new540,Others,0,0,1
new542,Others,0,0,1
new543,Others,0,0,1
new544,Others,0,0,1
new547,Others,0,0,1
new548,Others,0,0,1
new551,Others,0,0,1
new553,Others,0,0,1
new554,Others,0,0,1
new555,Others,0,0,1
new559,Others,0,0,1
new560,Others,0,0,1
new562,Others,0,0,1
new564,Others,0,0,1
new567,Others,0,0,1
new568,Others,0,0,1
new571,Others,0,0,1
new574,Others,0,0,1
new577,Others,0,0,1
new578,Others,0,0,1
new579,Others,0,0,1
new580,Others,0,0,1
new582,Others,0,0,1
new587,Others,0,0,1
new588,Others,0,0,1
new590,Others,0,0,1
new591,Others,0,0,1
new599,Others,0,0,1
new604,Others,0,0,1
new609,Others,0,0,1
new610,Others,0,0,1
new613,Others,0,0,1
new614,Others,0,0,1
new615,Others,0,0,1
new616,Others,0,0,1
new617,Others,0,0,1
new618,Others,0,0,1
new623,Others,0,0,1
new624,Others,0,0,1
new625,Others,0,0,1
new627,Others,0,0,1
new628,Others,0,0,1
new632,Others,0,0,1
new633,Others,0,0,1
new635,Others,0,0,1
new636,Others,0,0,1
new637,Others,0,0,1
new638,Others,0,0,1
new640,Others,0,0,1
new641,Others,0,0,1
new642,Others,0,0,1
new643,Others,0,0,1
new644,Others,0,0,1
new647,Others,0,0,1
new649,Others,0,0,1
new650,Others,0,0,1
new651,Others,0,0,1
new652,Others,0,0,1
new656,Others,0,0,1
new657,Others,0,0,1
new661,Others,0,0,1
new662,Others,0,0,1
new664,Others,0,0,1
new665,Others,0,0,1
new666,Others,0,0,1
new669,Others,0,0,1
new671,Others,0,0,1
new672,Others,0,0,1
new673,Others,0,0,1
new674,Others,0,0,1
new675,Others,0,0,1
new679,Others,0,0,1
new680,Others,0,0,1
new683,Others,0,0,1
new684,Others,0,0,1
new686,Others,0,0,1
new688,Others,0,0,1
new689,Others,0,0,1
new690,Others,0,0,1
new691,Others,0,0,1
new694,Others,0,0,1
new695,Others,0,0,1
new696,Others,0,0,1
new697,Others,0,0,1
new698,Others,0,0,1
new700,Others,0,0,1
new701,Others,0,0,1
new703,Others,0,0,1
new704,Others,0,0,1
new705,Others,0,0,1
new706,Others,0,0,1
new707,Others,0,0,1
new708,Others,0,0,1
new712,Others,0,0,1
new713,Others,0,0,1
new714,Others,0,0,1
new716,Others,0,0,1
new1354,Others,0,0,1
new1357,Others,0,0,1
new1358,Others,0,0,1
new1359,Others,0,0,1
new1371,Others,0,0,1
new1372,Others,0,0,1
new1373,Others,0,0,1
new1374,Others,0,0,1
new1375,Others,0,0,1
new1376,Others,0,0,1
new1377,Others,0,0,1
new1378,Others,0,0,1
new1379,Others,0,0,1
new1380,Others,0,0,1
new1383,Others,0,0,1
new1384,Others,0,0,1
new1385,Others,0,0,1
new1386,Others,0,0,1
new1387,Others,0,0,1
new1391,Others,0,0,1
new1392,Others,0,0,1
new1393,Others,0,0,1
new1395,Others,0,0,1
new1396,Others,0,0,1
new1397,Others,0,0,1
new1398,Others,0,0,1
new1400,Others,0,0,1
new1401,Others,0,0,1
new1402,Others,0,0,1
new1404,Others,0,0,1
new1405,Others,0,0,1
new1406,Others,0,0,1
new1408,Others,0,0,1
new1409,Others,0,0,1
new1411,Others,0,0,1
new1412,Others,0,0,1
new1415,Others,0,0,1
new1417,Others,0,0,1
new1420,Others,0,0,1
new1421,Others,0,0,1
new1424,Others,0,0,1
new1425,Others,0,0,1
new1426,Others,0,0,1
new1429,Others,0,0,1
new1430,Others,0,0,1
new1432,Others,0,0,1
new1433,Others,0,0,1
new1434,Others,0,0,1
new1435,Others,0,0,1
new1437,Others,0,0,1
new1438,Others,0,0,1
new1439,Others,0,0,1
new1440,Others,0,0,1
new1441,Others,0,0,1
new1444,Others,0,0,1
new1445,Others,0,0,1
new1447,Others,0,0,1
new1449,Others,0,0,1
new1450,Others,0,0,1
new1451,Others,0,0,1
new1454,Others,0,0,1
new1455,Others,0,0,1
new1457,Others,0,0,1
new1458,Others,0,0,1
new1462,Others,0,0,1
new1463,Others,0,0,1
new1466,Others,0,0,1
new1468,Others,0,0,1
new1478,Others,0,0,1
new1479,Others,0,0,1
new1480,Others,0,0,1
new1481,Others,0,0,1
new1483,Others,0,0,1
new1484,Others,0,0,1
new1486,Others,0,0,1
new1487,Others,0,0,1
new1488,Others,0,0,1
new1491,Others,0,0,1
new1493,Others,0,0,1
new1494,Others,0,0,1
new1495,Others,0,0,1
new1496,Others,0,0,1
new1498,Others,0,0,1
new1499,Others,0,0,1
new1501,Others,0,0,1
new1502,Others,0,0,1
new1503,Others,0,0,1
new1505,Others,0,0,1
new1509,Others,0,0,1
new1511,Others,0,0,1
new1512,Others,0,0,1
new1514,Others,0,0,1
new1515,Others,0,0,1
new1516,Others,0,0,1
new1519,Others,0,0,1
new1520,Others,0,0,1
new1522,Others,0,0,1
new1523,Others,0,0,1
new1525,Others,0,0,1
new1526,Others,0,0,1
new1528,Others,0,0,1
new1529,Others,0,0,1
new1530,Others,0,0,1
new1531,Others,0,0,1
new1532,Others,0,0,1
new1534,Others,0,0,1
new1537,Others,0,0,1
new1538,Others,0,0,1
new1539,Others,0,0,1
new1541,Others,0,0,1
new1542,Others,0,0,1
new1545,Others,0,0,1
new1546,Others,0,0,1
new1547,Others,0,0,1
new1548,Others,0,0,1
new1551,Others,0,0,1
new1552,Others,0,0,1
new1553,Others,0,0,1
new1554,Others,0,0,1
new1555,Others,0,0,1
new1556,Others,0,0,1
new1557,Others,0,0,1
new1559,Others,0,0,1
new1560,Others,0,0,1
new1562,Others,0,0,1
new1563,Others,0,0,1
new1564,Others,0,0,1
new1567,Others,0,0,1
new1568,Others,0,0,1
new1570,Others,0,0,1
new1573,Others,0,0,1
new1576,Others,0,0,1
new1577,Others,0,0,1
new1578,Others,0,0,1
new1579,Others,0,0,1
new1581,Others,0,0,1
new1582,Others,0,0,1
new1583,Others,0,0,1
new1588,Others,0,0,1
new1589,Others,0,0,1
new1592,Others,0,0,1
new1593,Others,0,0,1
new1598,Others,0,0,1
new1600,Others,0,0,1
new1602,Others,0,0,1
new1603,Others,0,0,1
new1604,Others,0,0,1
new1608,Others,0,0,1
new1611,Others,0,0,1
new1612,Others,0,0,1
new1613,Others,0,0,1
new1616,Others,0,0,1
new1618,Others,0,0,1
new1619,Others,0,0,1
new1621,Others,0,0,1
new1622,Others,0,0,1
new1623,Others,0,0,1
new1624,Others,0,0,1
new1626,Others,0,0,1
new1631,Others,0,0,1
new1632,Others,0,0,1
new1638,Others,0,0,1
new1639,Others,0,0,1
new1644,Others,0,0,1
new1645,Others,0,0,1
new1646,Others,0,0,1
new1648,Others,0,0,1
new1649,Others,0,0,1
new1650,Others,0,0,1
new1651,Others,0,0,1
new1653,Others,0,0,1
new1655,Others,0,0,1
new1656,Others,0,0,1
new1657,Others,0,0,1
new1658,Others,0,0,1
new1660,Others,0,0,1
new1661,Others,0,0,1
new1665,Others,0,0,1
new1667,Others,0,0,1
new1669,Others,0,0,1
new1670,Others,0,0,1
new1671,Others,0,0,1
new1672,Others,0,0,1
new1675,Others,0,0,1
new1676,Others,0,0,1
new1678,Others,0,0,1
new1679,Others,0,0,1
new1680,Others,0,0,1
new1681,Others,0,0,1
new1683,Others,0,0,1
new1685,Others,0,0,1
new1687,Others,0,0,1
new1690,Others,0,0,1
new1691,Others,0,0,1
new1693,Others,0,0,1
new1694,Others,0,0,1
new1696,Others,0,0,1
new1698,Others,0,0,1
new1699,Others,0,0,1
new1700,Others,0,0,1
new1702,Others,0,0,1
new1703,Others,0,0,1
new1705,Others,0,0,1
new1707,Others,0,0,1
new1708,Others,0,0,1
new1709,Others,0,0,1
new1711,Others,0,0,1
new1712,Others,0,0,1
new1714,Others,0,0,1
new1715,Others,0,0,1
new1716,Others,0,0,1
new1718,Others,0,0,1
new1719,Others,0,0,1
new1720,Others,0,0,1
new1721,Others,0,0,1
new1723,Others,0,0,1
new1724,Others,0,0,1
new1726,Others,0,0,1
new1727,Others,0,0,1
new1728,Others,0,0,1
new1729,Others,0,0,1
new1730,Others,0,0,1
new1731,Others,0,0,1
new1732,Others,0,0,1
new1733,Others,0,0,1
new1735,Others,0,0,1
new1736,Others,0,0,1
new1737,Others,0,0,1
new1738,Others,0,0,1
new1742,Others,0,0,1
new1743,Others,0,0,1
new1745,Others,0,0,1
new1746,Others,0,0,1
new1747,Others,0,0,1
new1748,Others,0,0,1
new1749,Others,0,0,1
new1750,Others,0,0,1
new1751,Others,0,0,1
new1754,Others,0,0,1
new1755,Others,0,0,1
new1757,Others,0,0,1
new1758,Others,0,0,1
new1760,Others,0,0,1
new1761,Others,0,0,1
new1762,Others,0,0,1
new1763,Others,0,0,1
new1764,Others,0,0,1
new1765,Others,0,0,1
new1766,Others,0,0,1
new1767,Others,0,0,1
new1768,Others,0,0,1
new1769,Others,0,0,1
new1771,Others,0,0,1
new1772,Others,0,0,1
new1773,Others,0,0,1
new1775,Others,0,0,1
new1776,Others,0,0,1
new1777,Others,0,0,1
new1778,Others,0,0,1
new1779,Others,0,0,1
new1780,Others,0,0,1
new1781,Others,0,0,1
new1782,Others,0,0,1
new1785,Others,0,0,1
new1786,Others,0,0,1
new1788,Others,0,0,1
new1789,Others,0,0,1
new1790,Others,0,0,1
new1791,Others,0,0,1
new1792,Others,0,0,1
new1793,Others,0,0,1
new1795,Others,0,0,1
new1796,Others,0,0,1
new1797,Others,0,0,1
new1798,Others,0,0,1
new1799,Others,0,0,1
new1800,Others,0,0,1
new1802,Others,0,0,1
new1803,Others,0,0,1
new1804,Others,0,0,1
new1807,Others,0,0,1
new1813,Others,0,0,1
new1821,Others,0,0,1
new1825,Others,0,0,1
new1829,Others,0,0,1
new1830,Others,0,0,1
new1831,Others,0,0,1
new1832,Others,0,0,1
new1838,Others,0,0,1
new1839,Others,0,0,1
new1840,Others,0,0,1
new1841,Others,0,0,1
new1842,Others,0,0,1
new1845,Others,0,0,1
new1847,Others,0,0,1
new1848,Others,0,0,1
new1850,Others,0,0,1
new1857,Others,0,0,1
new1859,Others,0,0,1
new1860,Others,0,0,1
new1861,Others,0,0,1
new1862,Others,0,0,1
new1863,Others,0,0,1
new1868,Others,0,0,1
new1870,Others,0,0,1
new1871,Others,0,0,1
new1872,Others,0,0,1
new1873,Others,0,0,1
new1876,Others,0,0,1
new1877,Others,0,0,1
new1883,Others,0,0,1
new1884,Others,0,0,1
new1887,Others,0,0,1
new1889,Others,0,0,1
new1891,Others,0,0,1
new1894,Others,0,0,1
new1896,Others,0,0,1
new1897,Others,0,0,1
